robot,planner,seed,checkpoint_iteration,solution_available,best_cost_cells,best_cost_m
waffle,rrt_star,0,5000,False,nan,nan
waffle,rrt_star,0,10000,True,925.3127440920513,46.26563720460257
waffle,rrt_star,0,20000,True,839.1871051776687,41.95935525888344
waffle,rrt_star,0,50000,True,834.4753998234049,41.72376999117025
waffle,rrt_star,1,5000,True,1026.1907708881954,51.309538544409776
waffle,rrt_star,1,10000,True,898.7870824633453,44.93935412316727
waffle,rrt_star,1,20000,True,839.037994443904,41.95189972219521
waffle,rrt_star,1,50000,True,834.7701975539785,41.73850987769893
waffle,rrt_star,2,5000,True,1083.8441567925374,54.192207839626874
waffle,rrt_star,2,10000,True,884.908483592213,44.24542417961065
waffle,rrt_star,2,20000,True,839.1805183189615,41.959025915948075
waffle,rrt_star,2,50000,True,833.256661279053,41.662833063952654
ridgeback,rrt_star,0,5000,False,nan,nan
ridgeback,rrt_star,0,10000,False,nan,nan
ridgeback,rrt_star,0,20000,False,nan,nan
ridgeback,rrt_star,0,50000,False,nan,nan
ridgeback,rrt_star,1,5000,False,nan,nan
ridgeback,rrt_star,1,10000,False,nan,nan
ridgeback,rrt_star,1,20000,False,nan,nan
ridgeback,rrt_star,1,50000,True,1590.0759845746657,79.50379922873329
ridgeback,rrt_star,2,5000,False,nan,nan
ridgeback,rrt_star,2,10000,False,nan,nan
ridgeback,rrt_star,2,20000,False,nan,nan
ridgeback,rrt_star,2,50000,True,1633.4437590417829,81.67218795208915
