robot,planner,seed,max_iterations,success,iterations_used,planning_time_s,tree_nodes,collision_checks,first_solution_iteration,rewires,raw_path_length_m,final_path_length_m,trajectory_feasible,caution_ratio,safety_mission_time_s
waffle,rrt,0,50000,True,5961,1.1489574350016483,2427,5962,5961,0,64.5770425272489,52.75903072609062,False,0.5837608648854689,300.11435828944457
waffle,rrt_star,0,50000,True,50000,395.6002439390013,44058,404675,5961,83955,41.723769991170236,41.67047909972423,True,0.5999406029510891,237.16639963899536
waffle,rrt,1,50000,True,4045,0.36578191699845775,1160,4046,4045,0,66.99172805685821,55.2052128948792,True,0.6837824020578729,313.99182384069906
waffle,rrt_star,1,50000,True,50000,399.68604228300137,44179,403304,4045,82681,41.73850987769893,41.67447460463053,True,0.5842848572719028,237.21197299835626
waffle,rrt,2,50000,True,4569,0.8057324549990881,2008,4570,4569,0,73.10272443028428,57.23635329729958,False,0.6656079845941221,325.9996652224891
waffle,rrt_star,2,50000,True,50000,411.2152201860008,44795,408506,4569,83389,41.662833063952654,41.6286350942722,True,0.595732388311531,236.9820700372137
ridgeback,rrt,0,50000,False,50000,99.97008306499993,25504,50000,,0,nan,nan,False,nan,nan
ridgeback,rrt_star,0,50000,False,50000,172.39021530199898,25504,211179,,44749,nan,nan,False,nan,nan
ridgeback,rrt,1,50000,True,30867,26.905993660000604,11961,30868,30867,0,99.71452979039,84.91933505195527,False,0.6022601699530866,211.07454602578824
ridgeback,rrt_star,1,50000,True,50000,168.50253472999975,26398,206826,30867,45484,79.5037992287333,79.2637696883628,False,0.6307426633802703,202.81410364623827
ridgeback,rrt,2,50000,True,32140,31.821229668999877,14117,32141,32140,0,104.265400115576,86.68574127365072,False,0.6326541531635245,221.2570958652672
ridgeback,rrt_star,2,50000,True,50000,191.05657301599967,29036,217753,32140,45630,81.67218795208913,81.40180660202033,False,0.6418277904846531,210.71216293350517
