map,scenario_index,bucket,start_x,start_y,goal_x,goal_y,reference_length,planner,success,path_length,absolute_optimality_error,relative_optimality_error,expanded_nodes,planning_time_s,planning_time_ms
maze512-32-0,0,50,312,95,469,151,203.52691193,dijkstra,True,203.5269119345814,4.581380608215113e-09,2.250994998534056e-11,26739,0.48735984400013876,487.35984400013876
maze512-32-0,0,50,312,95,469,151,203.52691193,astar,True,203.5269119345814,4.581380608215113e-09,2.250994998534056e-11,7452,0.14014177700005348,140.14177700005348
maze512-32-0,1,50,68,482,248,501,200.3137085,dijkstra,True,200.31370849898474,1.0152518825634615e-09,5.068309553878893e-12,15430,0.27462218299979213,274.62218299979213
maze512-32-0,1,50,68,482,248,501,200.3137085,astar,True,200.31370849898474,1.0152518825634615e-09,5.068309553878893e-12,5027,0.09408973300014623,94.08973300014623
maze512-32-0,2,50,287,433,436,459,202.7228714,dijkstra,True,202.7228714274744,2.747438543337921e-08,1.3552681670125166e-10,16527,0.2965466709999873,296.5466709999873
maze512-32-0,2,50,287,433,436,459,202.7228714,astar,True,202.7228714274744,2.747438543337921e-08,1.3552681670125166e-10,5145,0.09793721500000174,97.93721500000174
maze512-32-0,3,50,103,282,256,203,201.90663757,dijkstra,True,201.90663761154858,4.154858856963983e-08,2.057811920880271e-10,28819,0.5174843950001105,517.4843950001105
maze512-32-0,3,50,103,282,256,203,201.90663757,astar,True,201.90663761154858,4.154858856963983e-08,2.057811920880271e-10,3924,0.07362936399999853,73.62936399999853
maze512-32-0,4,50,388,490,271,477,202.81118317,dijkstra,True,202.81118318204307,1.204307409352623e-08,5.938072006330887e-11,32713,0.5920621420000316,592.0621420000316
maze512-32-0,4,50,388,490,271,477,202.81118317,astar,True,202.81118318204307,1.204307409352623e-08,5.938072006330887e-11,10007,0.18913331200019456,189.13331200019456
maze512-32-0,5,50,266,67,443,42,202.81118317,dijkstra,True,202.81118318204304,1.2043045671816799e-08,5.938057992454045e-11,29759,0.5364339830000517,536.4339830000517
maze512-32-0,5,50,266,67,443,42,202.81118317,astar,True,202.81118318204304,1.2043045671816799e-08,5.938057992454045e-11,1913,0.03577469199990446,35.77469199990446
maze512-32-0,6,50,376,128,439,223,203.25483398,dijkstra,True,203.254833995939,1.593900833540829e-08,7.841884014909415e-11,27060,0.4863899009999386,486.3899009999386
maze512-32-0,6,50,376,128,439,223,203.25483398,astar,True,203.254833995939,1.593900833540829e-08,7.841884014909415e-11,3879,0.07179386999996495,71.79386999996495
maze512-32-0,7,50,73,6,37,100,200.20815277,dijkstra,True,200.20815280171325,3.1713256021248526e-08,1.5840142163281858e-10,18424,0.3258115420001104,325.8115420001104
maze512-32-0,7,50,73,6,37,100,200.20815277,astar,True,200.20815280171325,3.1713256021248526e-08,1.5840142163281858e-10,8867,0.1647468230000868,164.7468230000868
maze512-32-0,8,50,353,100,508,117,202.62741699,dijkstra,True,202.62741699796965,7.969646276251297e-09,3.933152973392841e-11,27828,0.49922671699982857,499.22671699982857
maze512-32-0,8,50,353,100,508,117,202.62741699,astar,True,202.62741699796965,7.969646276251297e-09,3.933152973392841e-11,8640,0.161285160000034,161.285160000034
maze512-32-0,9,50,199,122,392,96,203.76955261,dijkstra,True,203.7695526217004,1.1700393542923848e-08,5.7419734170578196e-11,21984,0.39349315699996623,393.49315699996623
maze512-32-0,9,50,199,122,392,96,203.76955261,astar,True,203.7695526217004,1.1700393542923848e-08,5.7419734170578196e-11,991,0.01860519000001659,18.60519000001659
maze512-32-0,10,51,328,187,151,203,205.0243866,dijkstra,True,205.02438661763983,1.7639820271142526e-08,8.603766880452905e-11,14721,0.2609585640000205,260.9585640000205
maze512-32-0,10,51,328,187,151,203,205.0243866,astar,True,205.02438661763983,1.7639820271142526e-08,8.603766880452905e-11,5907,0.10965034700006981,109.65034700006981
maze512-32-0,11,51,308,251,174,372,205.79393921,dijkstra,True,205.79393923934003,2.934004328380979e-08,1.4257000666025491e-10,29635,0.533651134000138,533.651134000138
maze512-32-0,11,51,308,251,174,372,205.79393921,astar,True,205.79393923934003,2.934004328380979e-08,1.4257000666025491e-10,5528,0.10620636299995567,106.20636299995567
maze512-32-0,12,51,154,237,64,407,207.27922058,dijkstra,True,207.27922061357842,3.357843070261879e-08,1.6199612584735236e-10,21276,0.380223499000067,380.223499000067
maze512-32-0,12,51,154,237,64,407,207.27922058,astar,True,207.27922061357853,3.357854438945651e-08,1.6199667431929954e-10,5157,0.09634973199990782,96.34973199990782
maze512-32-0,13,51,498,289,338,211,206.36753235,dijkstra,True,206.3675323681473,1.814728989302239e-08,8.793674899520786e-11,23598,0.4251151920000211,425.1151920000211
maze512-32-0,13,51,498,289,338,211,206.36753235,astar,True,206.3675323681473,1.814728989302239e-08,8.793674899520786e-11,6789,0.12704823400008536,127.04823400008536
maze512-32-0,14,51,463,341,441,491,205.4213562,dijkstra,True,205.4213562373099,3.730991693373653e-08,1.816262808498415e-10,21637,0.38994092000007186,389.94092000007186
maze512-32-0,14,51,463,341,441,491,205.4213562,astar,True,205.4213562373099,3.730991693373653e-08,1.816262808498415e-10,6817,0.12888825699997142,128.88825699997142
maze512-32-0,15,51,369,127,409,219,206.12489166,dijkstra,True,206.1248916810281,2.102808593917871e-08,1.0201623767916506e-10,27886,0.5000691669999924,500.0691669999924
maze512-32-0,15,51,369,127,409,219,206.12489166,astar,True,206.1248916810281,2.102808593917871e-08,1.0201623767916506e-10,5666,0.10506621499985158,105.06621499985158
maze512-32-0,16,51,105,112,30,171,204.56854248,dijkstra,True,204.56854249492375,1.4923756452844827e-08,7.295235265365336e-11,25668,0.455791126999884,455.791126999884
maze512-32-0,16,51,105,112,30,171,204.56854248,astar,True,204.56854249492375,1.4923756452844827e-08,7.295235265365336e-11,11133,0.20756551099998433,207.56551099998433
maze512-32-0,17,51,446,411,473,240,204.65180359,dijkstra,True,204.65180361560925,2.560926759542781e-08,1.251358021096823e-10,27680,0.49912085500000103,499.12085500000103
maze512-32-0,17,51,446,411,473,240,204.65180359,astar,True,204.65180361560925,2.560926759542781e-08,1.251358021096823e-10,3757,0.07149873399998796,71.49873399998796
maze512-32-0,18,51,117,320,277,243,205.59292908,dijkstra,True,205.59292911256347,3.256346303714963e-08,1.583880495446348e-10,31709,0.5787247400000979,578.7247400000979
maze512-32-0,18,51,117,320,277,243,205.59292908,astar,True,205.59292911256347,3.256346303714963e-08,1.583880495446348e-10,7315,0.13848215699999855,138.48215699999855
maze512-32-0,19,51,423,496,503,329,204.23759003,dijkstra,True,204.23759005323592,2.3235912749441923e-08,1.1376903118583044e-10,28088,0.5078366509999341,507.83665099993414
maze512-32-0,19,51,423,496,503,329,204.23759003,astar,True,204.23759005323592,2.3235912749441923e-08,1.1376903118583044e-10,4894,0.09240775100010978,92.40775100010978
maze512-32-0,20,52,92,339,249,233,208.07821045,dijkstra,True,208.07821048680222,3.6802219938181224e-08,1.7686724553518103e-10,31768,0.5708412879998832,570.8412879998832
maze512-32-0,20,52,92,339,249,233,208.07821045,astar,True,208.07821048680222,3.6802219938181224e-08,1.7686724553518103e-10,5509,0.1041246869999668,104.1246869999668
maze512-32-0,21,52,74,94,110,151,210.58073578,dijkstra,True,210.58073580374355,2.374355290157837e-08,1.1275273027055984e-10,26093,0.46482993800009353,464.82993800009353
maze512-32-0,21,52,74,94,110,151,210.58073578,astar,True,210.58073580374355,2.374355290157837e-08,1.1275273027055984e-10,12135,0.2226369549998708,222.6369549998708
maze512-32-0,22,52,363,392,283,220,208.65180359,dijkstra,True,208.65180361560908,2.5609097065171227e-08,1.2273604457066187e-10,22810,0.4127025479999702,412.7025479999702
maze512-32-0,22,52,363,392,283,220,208.65180359,astar,True,208.65180361560908,2.5609097065171227e-08,1.2273604457066187e-10,4957,0.09286704500004817,92.86704500004817
maze512-32-0,23,52,84,132,26,151,210.78174591,dijkstra,True,210.78174593052046,2.0520445787042263e-08,9.735399855642206e-11,24262,0.43089835699993273,430.89835699993273
maze512-32-0,23,52,84,132,26,151,210.78174591,astar,True,210.78174593052046,2.0520445787042263e-08,9.735399855642206e-11,12209,0.2245360689998961,224.5360689998961
maze512-32-0,24,52,201,130,391,111,208.63961029,dijkstra,True,208.63961030678934,1.6789329038147116e-08,8.047047736913751e-11,22451,0.4019254899999396,401.9254899999396
maze512-32-0,24,52,201,130,391,111,208.63961029,astar,True,208.63961030678934,1.6789329038147116e-08,8.047047736913751e-11,4424,0.08175291900010961,81.75291900010961
maze512-32-0,25,52,52,380,70,293,209.12489166,dijkstra,True,209.1248916810278,2.1027801722084405e-08,1.005514052161322e-10,19440,0.3468178840000746,346.8178840000746
maze512-32-0,25,52,52,380,70,293,209.12489166,astar,True,209.1248916810278,2.1027801722084405e-08,1.005514052161322e-10,13458,0.2504647250000289,250.46472500002892
maze512-32-0,26,52,212,137,258,24,209.30865784,dijkstra,True,209.30865786510182,2.5101826395257376e-08,1.1992732003683166e-10,26722,0.4769364640001186,476.9364640001186
maze512-32-0,26,52,212,137,258,24,209.30865784,astar,True,209.30865786510182,2.5101826395257376e-08,1.1992732003683166e-10,3960,0.07247026899995035,72.47026899995035
maze512-32-0,27,52,504,378,467,470,211.75230865,dijkstra,True,211.75230867899757,2.8997561685173423e-08,1.3694094704347595e-10,27235,0.4907067209999241,490.7067209999241
maze512-32-0,27,52,504,378,467,470,211.75230865,astar,True,211.75230867899757,2.8997561685173423e-08,1.3694094704347595e-10,10138,0.19148428200014678,191.48428200014678
maze512-32-0,28,52,270,125,404,128,211.95331879,dijkstra,True,211.95331880577424,1.5774247685840237e-08,7.442321628126574e-11,27036,0.484669803000088,484.669803000088
maze512-32-0,28,52,270,125,404,128,211.95331879,astar,True,211.95331880577424,1.5774247685840237e-08,7.442321628126574e-11,9129,0.17109522299983837,171.09522299983837
maze512-32-0,29,52,36,456,144,306,208.20815277,dijkstra,True,208.20815280171317,3.1713170756120235e-08,1.5231474048546324e-10,18289,0.32628470800000287,326.28470800000287
maze512-32-0,29,52,36,456,144,306,208.20815277,astar,True,208.20815280171317,3.1713170756120235e-08,1.5231474048546324e-10,7393,0.14092733400002544,140.92733400002544
