candidate_id,goal_x,goal_y,euclidean_distance,dijkstra_length,detour_ratio,los_waypoints,turn_count,route_extension_lower_bound,minimum_clearance,p10_clearance,median_clearance
0,20,20,301.4780257332199,879.2152954766511,2.916349519466056,17,15,96,1.0,1.0,1.0
1,20,60,294.0901222414653,895.2152954766511,3.044016877049773,18,16,99,1.0,1.0,1.0
2,20,100,292.04280508172087,634.7056274847723,2.173330814663165,13,11,69,1.0,1.0,1.0
3,20,140,295.447118787779,594.7056274847723,2.0129004131935773,13,11,66,1.0,1.0,1.0
4,20,180,304.1200420886463,554.7056274847723,1.8239693236760903,13,11,62,1.0,1.0,1.0
5,20,220,317.63028822831114,551.4335495461302,1.7360861667882326,12,10,60,1.0,1.0,1.0
6,20,260,335.393798392278,1392.6681810065397,4.152337305228492,26,24,147,1.0,1.0,5.0
7,20,300,356.7758399892011,1531.236723501464,4.291873361009567,29,27,160,1.0,1.0,5.0
8,20,340,381.1679419888299,1491.236723501464,3.9122826429751654,28,26,156,1.0,1.0,4.123105625617661
9,20,380,408.0306361046925,1449.5798692519716,3.552625075142736,27,25,152,1.0,1.0,4.123105625617661
10,20,420,436.90845723103143,1449.1362184380757,3.3167959888489675,26,24,151,1.0,1.0,4.123105625617661
11,20,460,467.42806933259794,1084.4945160902312,2.3201313469229428,18,16,114,1.0,1.0,4.0
12,20,500,499.2884937588688,1072.8965363437842,2.1488509143612253,19,17,113,1.0,1.0,4.0
13,60,20,262.9239433752658,839.2152954766511,3.1918557309893103,17,15,92,1.0,1.0,1.0
14,60,60,254.41894583540747,681.333044482742,2.677996492146148,14,12,75,1.0,1.0,1.0
15,60,100,252.04959829366916,641.333044482742,2.5444715993377987,14,12,71,1.0,1.0,1.0
16,60,140,255.98632775990205,804.9726547895318,3.14459237660748,17,15,89,1.0,1.0,1.0
17,60,180,265.9492432777352,844.9726547895318,3.1771951834700762,18,16,94,1.0,1.0,1.0
18,60,220,281.298773548695,511.4335495461302,1.818115106206096,12,10,56,1.0,1.0,1.0
19,60,260,301.21254953935767,1352.6681810065397,4.490743108396932,26,24,143,1.0,1.0,5.0
20,60,300,324.85227411855993,1536.2072862499413,4.728941148459618,27,25,160,1.0,1.0,4.47213595499958
21,60,340,351.46692589772937,1496.2072862499413,4.257035800533081,28,26,156,1.0,1.0,4.47213595499958
22,60,380,380.4326484412188,1463.8225099390909,3.8477836114669537,28,26,154,1.0,1.0,4.0
23,60,420,411.25296351515817,1418.508801440106,3.449236667659471,25,23,147,1.0,1.0,5.0
24,60,460,443.5414298574599,1458.508801440106,3.288325967449815,26,24,152,1.0,1.0,4.123105625617661
25,60,500,477.0,1031.2396820942915,2.161928054705014,17,15,108,1.0,1.0,4.0
26,100,20,224.87552112224222,799.2152954766511,3.55403421185269,17,15,88,1.0,1.0,1.0
27,100,60,214.8697279748825,715.4751801064731,3.329809121320755,15,13,79,1.0,1.0,1.0
28,100,100,212.05895406702354,748.4041122946076,3.5292266510852746,16,14,83,1.0,1.0,1.0
29,100,140,216.72332592501436,889.9015869776663,4.106164314244465,20,18,100,1.0,1.0,1.0
30,100,180,228.40534144367115,869.7005768508898,3.807706822238978,19,17,97,1.0,1.0,1.0
31,100,220,246.10770000144245,471.4335495461302,1.9155579022654192,12,10,52,1.0,1.0,1.0
32,100,260,268.6428856307198,1318.4255403194204,4.907725500431627,26,24,139,1.0,1.0,4.47213595499958
33,100,300,294.9050694715165,1297.756492761108,4.400590654771542,24,22,136,1.0,1.0,5.0
34,100,340,323.9891973507759,1260.2001435750037,3.889636302319713,23,21,131,1.0,1.0,5.0
35,100,380,355.2027589982938,1363.5971131946742,3.8389260180302376,26,24,143,1.0,1.0,4.123105625617661
36,100,420,388.03221515745315,1312.394011026843,3.3821779732755135,23,21,138,1.0,1.0,3.0
37,100,460,422.1006988859412,1320.678282274305,3.1288227803460114,21,19,137,1.0,1.0,3.0
38,100,500,457.1312721746348,991.2396820942917,2.16839175622099,17,15,104,1.0,1.0,4.0
39,140,20,187.6406139405859,776.1442276647856,4.136333874448643,16,14,85,1.0,1.0,1.0
40,140,60,175.524927004685,755.4751801064731,4.30409055282677,15,13,83,1.0,1.0,1.0
41,140,100,172.07265907168403,319.735064736295,1.8581398489523895,8,6,35,1.0,1.0,6.4031242374328485
42,140,140,177.78920102188434,346.84776310850333,1.9508933113761466,9,7,38,1.0,1.0,4.0
43,140,180,191.8567173700207,909.7005768508898,4.741562293575646,19,17,101,1.0,1.0,1.0
44,140,220,212.6240814207083,431.4335495461302,2.029090715705315,12,10,49,1.0,1.0,2.0
45,140,260,238.3463865889307,1307.6559876977196,5.486367997485093,25,23,137,1.0,1.0,5.0
46,140,300,267.5985799663369,1257.756492761108,4.7001613122137265,24,22,132,1.0,1.0,4.47213595499958
47,140,340,299.34762400927787,1220.2001435750037,4.076197857301802,23,21,128,1.0,1.0,5.0
48,140,380,332.8798582071315,1216.8864350760189,3.655632520483778,22,20,127,1.0,1.0,5.0
49,140,420,367.70776439993756,1291.5655839020967,3.512478410701507,24,22,137,1.0,1.0,2.23606797749979
50,140,460,403.49597271843993,1280.678282274305,3.173955550649236,22,20,134,1.0,1.0,3.1622776601683795
51,140,500,440.01022715386966,951.2396820942917,2.1618581191787785,17,15,100,1.0,1.0,4.0
52,180,20,151.81897114655993,812.0437226013973,5.348763178071356,15,13,88,1.0,1.0,1.0
53,180,60,136.56134152826706,263.1665222413707,1.92709385611079,8,6,29,1.0,1.0,4.0
54,180,100,132.09466302617983,290.27922061357907,2.1975090738983805,9,7,32,1.0,1.0,2.0
55,180,140,139.4596715900335,348.8061325481605,2.501125440575668,10,8,39,1.0,1.0,1.4142135623730951
56,180,180,157.0,383.5340546095185,2.4428920675765506,10,8,43,1.0,1.0,3.08113883008419
57,180,220,181.79383927955314,423.5340546095185,2.3297492164089775,11,9,47,1.0,1.0,2.0
58,180,260,211.303099835284,1198.844804515676,5.673578880055263,22,20,126,1.0,1.0,5.0
59,180,300,243.82165613415063,1227.1290757631382,5.032896155409476,23,21,128,1.0,1.0,4.47213595499958
60,180,340,278.29660436304283,1160.3178925810946,4.169356989593159,22,20,122,1.0,1.0,4.123105625617661
61,180,380,314.08438356594553,1177.4722215136458,3.748904062485559,23,21,124,1.0,1.0,5.0
62,180,420,350.78340895772135,1230.7371567773505,3.508538674717329,21,19,129,1.0,1.0,3.0
63,180,460,388.13528569301707,1249.4650788387085,3.2191483869027357,22,20,131,1.0,1.0,2.23606797749979
64,180,500,425.96830868035244,911.2396820942917,2.139219429063414,17,15,96,1.0,1.0,4.123105625617661
65,220,180,125.25573839150046,405.3746750430848,3.236376075450069,10,8,45,1.0,1.0,4.0
66,220,220,155.2063143045411,1150.560533268214,7.413103896086463,21,19,120,1.0,1.0,4.47213595499958
67,220,260,188.91532494744834,1170.560533268214,6.1962179806949775,22,20,123,1.0,1.0,4.123105625617661
68,220,300,224.69757453074567,1135.0874452027954,5.0516230429869635,23,21,120,1.0,1.0,5.0
69,220,340,261.7040313025384,1120.3178925810946,4.280858368918172,22,20,118,1.0,1.0,5.0
70,220,380,299.4812181089158,1322.3178925810948,4.415361674200858,23,21,138,1.0,1.0,3.1622776601683795
71,220,420,337.7706322343611,1225.1219330882009,3.6270824523256775,20,18,127,1.0,1.0,3.0
72,220,460,376.4159932840261,1195.666088965485,3.1764486905403366,19,17,124,1.0,1.0,3.0
73,220,500,415.31795049094615,871.2396820942917,2.0977655337661223,17,15,92,1.0,1.0,5.0
74,260,220,135.38463723776047,1113.4894654563484,8.224636769538739,20,18,116,1.0,1.0,4.47213595499958
75,260,260,173.0,1134.6610383316022,6.558734325616197,22,20,120,1.0,1.0,4.0
76,260,300,211.49231664530984,1105.832611206856,5.228712932685063,23,21,118,1.0,1.0,4.0
77,260,340,250.45758123881976,1082.6610383316022,4.322732148799474,21,19,114,1.0,1.0,5.0
78,260,380,289.70502239346837,1288.1757569573638,4.4465081975962555,22,20,134,1.0,1.0,4.0
79,260,420,329.13371143047624,1254.5777772109168,3.811757148054779,21,19,131,1.0,1.0,3.0
80,260,460,368.68550283405506,813.156420973606,2.2055557235718237,15,13,85,1.0,1.0,5.0
81,260,500,408.324625757497,849.9848480983522,2.081639936659505,16,14,89,1.0,1.0,4.123105625617661
82,300,220,125.57467897629681,514.2447327281737,4.095130777322086,12,10,56,1.0,1.0,1.0
83,300,260,165.43578814754684,1056.9209229614241,6.3887078775167465,19,17,110,1.0,1.0,4.0
84,300,300,205.35091916034852,1016.9209229614243,4.952112837475835,19,17,107,1.0,1.0,4.47213595499958
85,300,340,245.29370150902776,979.8498551495587,3.994598512402066,19,17,103,1.0,1.0,5.0
86,300,380,285.25251970841555,976.5361466505739,3.423409362514262,18,16,102,1.0,1.0,5.0
87,300,420,325.22146300636433,1294.5777772109168,3.980603756110595,21,19,134,1.0,1.0,2.23606797749979
88,300,460,365.19720699917735,774.9137802864867,2.1219050021054304,14,12,81,1.0,1.0,5.0990195135927845
89,300,500,405.1777387764535,757.558441227159,1.8696941335296868,14,12,79,1.0,1.0,5.0990195135927845
90,340,220,128.09761902549164,301.26702730475944,2.3518550118000774,6,4,31,1.0,1.0,4.47213595499958
91,340,260,167.35889578985635,320.17871555019127,1.9131263625939707,5,3,33,1.0,4.0,7.211102550927978
92,340,300,206.90335908341362,360.17871555019127,1.7408065153982555,6,4,38,1.0,2.0,6.082762530298219
93,340,340,246.59480935331953,400.17871555019127,1.6228188930644427,6,4,41,1.0,1.0,5.0
94,340,380,286.37213551601,936.5361466505739,3.270346624202953,18,16,98,1.0,1.0,5.0
95,340,420,326.20392394942155,1334.5777772109168,4.091237656043173,21,19,138,1.0,1.0,2.0
96,340,460,366.072397211262,1357.99199077329,3.709626841899218,22,20,141,1.0,1.0,2.0
97,340,500,405.96674740673035,717.558441227159,1.7675300891288295,13,11,75,1.0,1.0,5.830951894845301
98,380,220,142.29898102235308,263.610173055267,1.852509210967981,5,3,28,1.0,4.0,6.082762530298219
99,380,260,178.4628812946827,303.610173055267,1.7012510996835122,6,4,32,1.0,3.1622776601683795,6.082762530298219
100,380,300,215.9837956884729,841.7249634685303,3.897167196203013,16,14,88,1.0,1.0,6.0
101,380,340,254.26167623139747,875.2813126546345,3.4424429415704076,17,15,92,1.0,1.0,5.0
102,380,380,293.0,915.2813126546345,3.1238270056472164,17,15,96,1.0,1.0,5.0
103,380,420,332.03764846776033,680.0437226013977,2.048092214059357,13,11,72,1.0,1.0,6.0
104,380,460,371.28021762544796,663.4751801064734,1.786993081262938,13,11,70,1.0,1.0,5.049509756796392
105,380,500,410.6689664437769,696.8893936688465,1.6969614229768075,13,11,74,1.0,1.0,4.47213595499958
106,420,20,131.48764200486676,332.3797256769674,2.52784003583139,10,8,38,1.0,1.0,1.0
107,420,180,137.43725841270262,207.04163056034275,1.5064447075816156,5,3,22,1.0,3.1622776601683795,5.0
108,420,220,165.19382555047267,247.04163056034275,1.4954652798742931,5,3,26,1.0,1.4142135623730951,5.0
109,420,260,197.20294115453754,307.7523086789981,1.5605868090873392,6,4,32,1.0,3.1622776601683795,6.082762530298219
110,420,300,231.70886905770354,809.5411972844564,3.493785976240955,15,13,85,1.0,1.0,6.0
111,420,340,267.7480158656643,761.2569260369943,2.843184191583087,14,12,80,1.0,1.0,5.0990195135927845
112,420,380,304.7769676337108,721.2569260369943,2.3665073238205467,14,12,76,1.0,1.0,6.0
113,420,420,342.4748165924029,691.2152954766515,2.0182952497184714,15,13,74,1.0,1.0,5.0
114,420,460,380.64287724847816,623.4751801064734,1.637953098225132,13,11,66,1.0,1.0,5.0990195135927845
115,420,500,419.15271679902065,656.8893936688465,1.5671839101637461,13,11,70,1.0,1.0,5.0990195135927845
116,460,20,165.91865476793137,350.0365799264598,2.1096879095123584,9,7,39,1.0,1.0,1.0
117,460,60,152.08221460775746,355.00714267493703,2.334310712074735,8,6,39,1.0,1.0,2.0
118,460,100,148.08443537387717,150.07106781186548,1.0134155384593428,3,1,16,2.0,4.0,4.123105625617661
119,460,140,154.69001260585637,189.97056274847722,1.2280725791426121,4,2,20,1.0,1.0,4.0
120,460,180,170.67220043111882,215.32590180780488,1.261634298168598,4,2,22,1.0,4.0,5.656854249492381
121,460,220,193.72403051764127,255.32590180780488,1.3179877639627877,4,2,26,1.0,4.0,6.4031242374328485
122,460,260,221.65062598603234,345.9949493661174,1.5609924304383458,7,5,36,1.0,1.0,5.0
123,460,300,252.84184780213894,817.8254685319185,3.2345336645850917,14,12,85,1.0,1.0,5.830951894845301
124,460,340,286.23242304113626,783.6833329081875,2.7379264884871533,15,13,82,1.0,1.0,6.0
125,460,380,321.13704239779,782.026478658695,2.4351799244946797,16,14,83,1.0,1.0,6.0
126,460,420,357.1120272407526,556.8061325481609,1.5591917663775057,11,9,60,1.0,1.0,5.0990195135927845
127,460,460,393.86418979135436,596.8061325481609,1.5152586805728976,12,10,64,1.0,1.0,5.0990195135927845
128,460,500,431.19485154625863,636.8061325481609,1.4768407606551497,12,10,68,1.0,1.0,4.123105625617661
129,500,20,202.4080037943164,390.0365799264598,1.926981999796848,10,8,43,1.0,1.0,1.4142135623730951
130,500,60,191.23022773609824,396.6639969244295,2.0742745622404124,10,8,44,1.0,1.0,1.4142135623730951
131,500,100,188.06647760831805,257.7279220613579,1.3704086200738135,5,3,27,1.0,1.0,4.0
132,500,140,193.31063085097003,229.97056274847722,1.1896426064936367,4,2,24,1.0,1.0,4.0
133,500,180,206.3225629929989,253.5685424949242,1.2289908520743245,5,3,26,1.0,1.0,4.0
134,500,220,225.7631502260721,293.5685424949242,1.3003386168245523,5,3,30,1.0,1.0,4.0
135,500,260,250.13796193301008,385.9949493661174,1.5431282256528958,7,5,40,1.0,1.0,4.2976207903086205
136,500,300,278.15283568570715,425.89444430272914,1.5311526242499267,9,7,45,1.0,1.0,4.123105625617661
137,500,340,308.81871704933945,463.55129855222157,1.5010466430963145,9,7,49,1.0,1.0,5.0
138,500,380,341.4220262373241,503.55129855222157,1.474864712454728,9,7,53,1.0,1.0,4.123105625617661
139,500,420,375.45838650907774,745.0487732352802,1.9843711047782566,14,12,79,1.0,1.0,4.0
140,500,460,410.5715528382355,705.0487732352802,1.7172372717041804,14,12,75,1.0,1.0,4.123105625617661
141,500,500,446.5075587266133,673.0487732352802,1.507362552057877,13,11,71,1.0,1.0,4.0
