rank,pair_id,start_x,start_y,goal_x,goal_y,straight_distance,primary_length,primary_detour_ratio,r2_alternative,r2_length,r2_length_ratio,r2_exact_overlap,r5_alternative,r5_length,r5_length_ratio,r5_exact_overlap,r10_alternative,r10_length,r10_length_ratio,r10_exact_overlap,strongest_surviving_radius
1,2,32,479,479,31,632.8609641935581,766.2518754031113,1.2107744334958794,True,790.6122650963216,1.031791621626237,0.026555386949924126,True,831.565583902096,1.085237910138392,0.004392386530014641,True,843.3645737753195,1.100636227913492,0.004373177842565598,10
2,1,31,31,479,479,633.5676759431466,759.9797974644691,1.1995242597140738,True,804.423448278365,1.0584800424460936,0.011329305135951661,True,805.0092347159919,1.0592508345639648,0.011320754716981131,True,818.8082245892153,1.0774078828424338,0.0022304832713754648,10
3,3,31,31,479,416,590.7021245941138,721.7249634685298,1.2218086467260383,True,779.8670990922609,1.0805599619892687,0.0109375,True,780.4528855298878,1.0813716097322146,0.01092896174863388,True,793.9503602129463,1.1000732971703089,0.0015479876160990713,10
4,6,31,415,479,31,590.0508452667448,721.1097397793801,1.222114578029945,True,754.967604155649,1.0469524435859479,0.005559968228752979,True,754.967604155649,1.0469524435859479,0.005559968228752979,True,766.7665940288725,1.0633147102734473,0.005533596837944664,10
5,7,95,31,479,479,590.0508452667448,711.3523804664994,1.2055781059764736,True,727.4112549695451,1.0225751328652537,0.009009009009009009,True,727.4112549695451,1.0225751328652537,0.009009009009009009,True,727.4112549695451,1.0225751328652537,0.009009009009009009,10
6,9,32,479,415,31,589.4005429247584,710.9970414071719,1.2063053723687123,True,749.4995667241133,1.0541528629159118,0.028135048231511254,True,770.2518754031112,1.0833404789964596,0.0015748031496062992,True,775.0386719675146,1.0900729916310123,0.00156128024980484,10
7,8,95,479,479,31,590.0508452667448,709.6122650963213,1.2026290120396765,True,742.0975464705601,1.0457789175470769,0.017713365539452495,True,757.5117600329331,1.0675009400099786,0.007880220646178092,True,769.3107499061566,1.0841283159074653,0.00784313725490196,10
8,4,31,31,415,479,590.0508452667448,704.2813126546339,1.1935942780257334,True,783.8549057834407,1.1129855239646664,0.01098901098901099,True,784.4406922210676,1.1138172746118884,0.010980392156862745,True,817.8965363437835,1.161320798447572,0.0015232292460015233,10
9,29,95,479,479,95,543.0580079512685,672.9259735953062,1.2391419769942726,True,687.2691193458138,1.0213145967213526,0.017391304347826087,True,687.2691193458138,1.0213145967213526,0.017391304347826087,True,687.2691193458138,1.0213145967213526,0.017391304347826087,10
10,13,31,31,479,351,550.5488170907281,672.0975464705601,1.2207773872299525,True,697.0681092190374,1.0371531824206282,0.020869565217391306,True,697.6538956566643,1.0380247619118836,0.020851433536055605,True,711.1513703397228,1.0581073745533653,0.010327022375215147,10
11,26,31,415,415,31,543.0580079512685,665.1269837220827,1.2247807305730187,True,667.3107499061566,1.003283231980536,0.01693404634581105,True,677.2102448427684,1.018166848461127,0.0026200873362445414,True,677.2102448427684,1.018166848461127,0.0026200873362445414,10
12,28,95,415,479,31,543.0580079512685,665.0264786586946,1.224595658146286,True,685.6711395993669,1.0310433668480554,0.020851433536055605,True,749.2102448427684,1.1265870892146517,0.00495458298926507,True,766.2813126546339,1.152256845772761,0.004893964110929853,10
13,20,161,480,479,31,550.2045074333724,663.4995667241132,1.2059144513723568,True,677.3990616607248,1.0209487626423592,0.030809859154929578,True,789.6244584051416,1.1900903904184037,0.02263540824575586,True,810.4945160902306,1.2215449063393868,0.012678288431061807,10
14,21,32,479,351,31,549.968180897768,663.3990616607249,1.2062498971809466,True,692.7127701597097,1.0441871419377684,0.01636520241171404,True,738.7544007200524,1.113589758283176,0.0016433853738701725,True,750.2691193458138,1.1309469106990024,0.0016246953696181965,10
15,23,95,31,479,416,543.7655744895957,663.3401871576793,1.2199010350743924,True,684.2691193458139,1.0315508280567354,0.0078397212543554,True,684.2691193458139,1.0315508280567354,0.0078397212543554,True,684.2691193458139,1.0315508280567354,0.0078397212543554,10
16,11,31,31,351,480,551.3628569281758,662.8549057834407,1.202211751216656,True,739.6244584051415,1.1158165262893625,0.012615643397813289,True,740.2102448427684,1.116700258811391,0.012605042016806723,True,754.0092347159919,1.137517770687409,0.0024793388429752068,10
17,30,32,479,415,95,542.3513621260668,661.5828278447988,1.2198417373772859,True,704.8965363437835,1.0654698197655543,0.0017152658662092624,True,704.8965363437835,1.0654698197655543,0.0017152658662092624,True,704.8965363437835,1.0654698197655543,0.0017152658662092624,10
18,22,32,479,479,159,549.7353908927457,657.8843430349636,1.1967291062825496,True,670.1858582251283,1.0186985985004828,0.021145374449339206,True,675.9432175380091,1.0274499229146203,0.0060396893874029335,True,675.9432175380091,1.0274499229146203,0.0060396893874029335,10
19,17,95,31,415,479,550.5488170907281,655.6538956566642,1.1909096438011513,True,715.0437226013972,1.090581063177016,0.008438818565400843,True,715.0437226013972,1.090581063177016,0.008438818565400843,True,734.7005768508897,1.1205615976933332,0.00831255195344971,10
20,18,95,479,415,31,550.5488170907281,654.3574311003819,1.1885547853107938,True,696.1980515339483,1.063941537827738,0.005115089514066497,True,696.1980515339483,1.063941537827738,0.005115089514066497,True,702.0559159102172,1.0728936244058915,0.00507185122569738,10
21,24,31,31,415,415,543.0580079512685,653.0681092190373,1.2025752307433806,True,699.1269837220827,1.0705269080710806,0.026501766784452298,True,700.09754647056,1.0720130666122438,0.015789473684210527,True,713.8965363437835,1.093142547103528,0.005172413793103448,10
22,14,31,159,479,479,550.5488170907281,653.0264786586947,1.1861372840822555,True,665.7127701597097,1.019426917461406,0.030852994555353903,True,683.1686142824257,1.0461576009684055,0.0017482517482517483,True,696.8254685319181,1.0670707717138603,0.0017301038062283738,10
23,15,31,351,479,31,550.5488170907281,652.6417023478443,1.1854383881825536,True,716.3818177180221,1.0976647908659163,0.015517241379310345,True,722.5411972844561,1.1071024034859434,0.007575757575757576,True,735.7544007200526,1.1273481269634082,0.007531380753138075,10
24,27,95,95,479,479,543.0580079512685,648.8254685319182,1.194762730743381,True,717.0264786586948,1.1051145699953693,0.010327022375215147,True,717.0264786586948,1.1051145699953693,0.010327022375215147,True,717.0264786586948,1.1051145699953693,0.010327022375215147,10
25,34,31,31,479,287,515.9844958911071,635.5290039756359,1.2316823645603439,True,683.6711395993669,1.0757512801501923,0.012237762237762238,True,684.2569260369938,1.076673010604605,0.01222707423580786,True,697.7544007200523,1.097911183211399,0.0017301038062283738,10
26,33,31,31,287,479,515.9844958911071,627.0264786586945,1.2152041072005806,True,755.7960312803953,1.2053654143875367,0.011945392491467578,True,756.3818177180221,1.206299643574923,0.011935208866155157,True,770.1808075912456,1.2283066725328413,0.0016764459346186086,10
27,39,31,415,479,159,515.9844958911071,625.0437226013971,1.2113614412424238,True,659.4284989122474,1.0550117936833967,0.0026690391459074734,True,659.4284989122474,1.0550117936833967,0.0026690391459074734,True,659.4284989122474,1.0550117936833967,0.0026690391459074734,10
28,43,223,479,479,31,515.9844958911071,622.9015869776663,1.207209890874556,True,667.4701294725904,1.0715498939586456,0.01618705035971223,True,670.783837971575,1.076869688559046,0.01618705035971223,True,691.6538956566641,1.110374271179153,0.005277044854881266,10
29,32,31,159,479,416,516.4813646202542,620.8721497261436,1.202119170713242,True,639.7422074112325,1.0303928235360729,0.017592592592592594,True,648.2274887854711,1.0440595363657292,0.0027223230490018148,True,649.2985565973366,1.045784638405397,0.0018148820326678765,10
30,42,223,31,479,479,515.9844958911071,619.6711395993668,1.200949145824997,True,632.3574311003823,1.0204726195724034,0.02443609022556391,True,633.0437226013975,1.0215801287932762,0.008294930875576038,True,643.2863632885168,1.0381092843930375,0.008226691042047532,10
31,69,32,479,415,159,499.0881685634313,618.9137802864863,1.240089064960124,True,652.9137802864864,1.0549349539192066,0.017511520737327188,True,670.1269837220827,1.0827469109055718,0.016408386508659983,True,690.0264786586945,1.1148992002396378,0.0053285968028419185,10
32,67,161,480,479,95,499.3485756463114,618.2274887854712,1.2380679928550786,True,644.0853531617399,1.0418258082102874,0.02824858757062147,True,754.8965363437836,1.2210659507017447,0.019793459552495698,True,754.8965363437836,1.2210659507017447,0.019793459552495698,10
33,51,31,31,415,351,499.85597925802585,617.5706345359786,1.2354971435025854,True,724.967604155649,1.173902325683547,0.012280701754385965,True,725.5533905932759,1.1748508591870335,0.012269938650306749,True,739.3523804664994,1.1971948456098847,0.0017226528854435831,10
34,36,31,223,479,479,515.9844958911071,617.0853531617403,1.1959377812235066,True,624.4579361637703,1.011947428284038,0.016917293233082706,True,633.4284989122476,1.0264844168910678,0.0018450184501845018,True,647.08535316174,1.0486156410070175,0.0018248175182481751,10
35,56,31,415,415,95,499.85597925802585,616.4406922210676,1.2332366077446892,True,628.2985565973365,1.0192360182024072,0.0028328611898017,True,628.2985565973365,1.0192360182024072,0.0028328611898017,True,628.2985565973365,1.0192360182024072,0.0028328611898017,10
36,55,31,415,351,31,499.85597925802585,615.1858582251282,1.230726216656036,True,627.3696244092021,1.0198050166810162,0.0028089887640449437,True,627.3696244092021,1.0198050166810162,0.0028089887640449437,True,641.9970414071718,1.0435822488823077,0.0027881040892193307,10
37,31,95,31,351,480,516.852977160817,614.227488785471,1.1883988598838162,True,674.813275223098,1.098637373845682,0.009963768115942028,True,674.813275223098,1.098637373845682,0.009963768115942028,True,674.813275223098,1.098637373845682,0.009963768115942028,10
38,46,32,479,479,223,515.1164916793093,613.801081914278,1.1915772292850715,True,647.6589462905469,1.0551609721355906,0.032377428307123035,True,737.9259735953065,1.2022233184958175,0.0016963528413910093,True,738.269119345814,1.2027823689123425,0.001693480101608806,10
39,40,95,479,351,31,515.9844958911071,613.3452377915619,1.1886892778286144,True,679.2274887854711,1.1074146287189377,0.00530035335689046,True,679.2274887854711,1.1074146287189377,0.00530035335689046,True,714.7422074112325,1.1653179373899845,0.005128205128205128,10
40,37,31,287,479,31,515.9844958911071,613.227488785471,1.188461075223636,True,643.227488785471,1.048921485987878,0.020754716981132074,True,674.0559159102172,1.0991939015082641,0.007246376811594203,True,706.3401871576793,1.1518403856236499,0.005309734513274336,10
41,65,159,95,479,479,499.85597925802585,612.7005768508897,1.225754221766773,True,617.7127701597099,1.008180493863057,0.010456273764258554,True,617.7127701597099,1.008180493863057,0.010456273764258554,True,617.7127701597099,1.008180493863057,0.010456273764258554,10
42,45,32,479,287,31,515.4890881483332,612.5290039756359,1.1882482443534852,True,632.6122650963214,1.032787445150082,0.0056179775280898875,True,632.6122650963214,1.032787445150082,0.0056179775280898875,True,632.6122650963214,1.032787445150082,0.0056179775280898875,10
43,44,161,480,415,31,515.8652924940774,610.3452377915621,1.1831484821176828,True,625.9015869776663,1.025487786621212,0.017625231910946195,True,635.801081914278,1.0417072871983468,0.0027247956403269754,True,635.801081914278,1.0417072871983468,0.0027247956403269754,10
44,61,95,415,415,31,499.85597925802585,609.7716446627552,1.2198946695964015,True,644.5584412271586,1.0570488917759415,0.020389249304911955,True,654.4579361637703,1.0732836495303577,0.0054446460980036296,True,654.4579361637703,1.0732836495303577,0.0054446460980036296,10
45,66,159,415,479,31,499.85597925802585,605.6295090390242,1.2116080114476295,True,617.7300141024124,1.0199800453623675,0.020892687559354226,True,700.9848480983518,1.157448304014498,0.0052677787532923615,True,712.7838379715753,1.1769304951843857,0.005240174672489083,10
46,63,95,479,415,95,499.85597925802585,604.9432175380088,1.2102350329708407,True,630.8427124746206,1.0428131007766601,0.005612722170252572,True,630.8427124746206,1.0428131007766601,0.005612722170252572,True,630.8427124746206,1.0428131007766601,0.005612722170252572,10
47,58,95,31,415,415,499.85597925802585,604.4406922210676,1.2092296927572714,True,630.3158005400393,1.0428083493582991,0.024928092042186004,True,630.7005768508897,1.0434449317654773,0.013333333333333334,True,630.7005768508897,1.0434449317654773,0.013333333333333334,10
48,57,32,479,352,95,499.85597925802585,602.7422074112325,1.2058317443875102,True,636.2152954766511,1.0555346674811192,0.017924528301886792,True,667.3696244092021,1.1072223186020824,0.002749770852428964,True,682.8427124746206,1.1328934726629125,0.0017905102954341987,10
49,59,95,31,479,351,499.85597925802585,601.4701294725904,1.2032868554766478,True,613.7127701597096,1.0203545281589534,0.018664047151277015,True,613.7127701597096,1.0203545281589534,0.018664047151277015,True,625.227488785471,1.0394988182267881,0.008637236084452975,10
50,49,95,95,479,416,500.4967532362223,600.8132752230979,1.2004339115852938,True,660.2691193458138,1.098958938782833,0.002785515320334262,True,660.2691193458138,1.098958938782833,0.002785515320334262,True,660.2691193458138,1.098958938782833,0.002785515320334262,10
51,53,31,159,415,479,499.85597925802585,597.3279938488595,1.1950001973278759,True,606.7422074112325,1.0157605430505825,0.03396603396603397,True,627.6122650963215,1.050699568008401,0.0019120458891013384,True,627.6122650963215,1.050699568008401,0.0019120458891013384,10
52,54,31,351,415,31,499.85597925802585,596.215295476651,1.1927741593921886,True,657.4701294725904,1.1027394541211302,0.004608294930875576,True,657.4701294725904,1.1027394541211302,0.004608294930875576,True,657.4701294725904,1.1027394541211302,0.004608294930875576,10
53,50,31,31,351,415,499.85597925802585,595.955410846829,1.192254240374299,True,668.0559159102172,1.1209830530121982,0.013071895424836602,True,668.6417023478441,1.1219659897000194,0.013059701492537313,True,682.4406922210676,1.1451203895461683,0.0018315018315018315,10
54,75,31,31,479,223,487.40947877529015,595.4457428549504,1.2216540071217368,True,604.215295476651,1.0147277106720989,0.02912621359223301,True,670.6000717875014,1.126215242672175,0.012646793134598013,True,684.0975464705599,1.148883092505718,0.0017889087656529517,10
55,60,95,95,415,479,499.85597925802585,593.126983722083,1.186595756246642,True,665.7544007200524,1.1224483441002913,0.017077798861480076,True,678.1391770309028,1.1433288244202584,0.0018570102135561746,True,678.1391770309028,1.1433288244202584,0.0018570102135561746,10
56,74,31,31,223,479,487.40947877529015,592.4579361637702,1.2155240346421545,True,648.1564209736055,1.0940125558457179,0.013145539906103286,True,648.7422074112324,1.0950012951331345,0.013133208255159476,True,662.5411972844558,1.1182923830415412,0.001841620626151013,10
57,70,97,352,479,31,498.96392655180995,589.641702347844,1.1817321272555332,True,618.9726547895317,1.0497436872678736,0.01848249027237354,True,653.0559159102172,1.1075470295093945,0.006603773584905661,True,671.2985565973368,1.1384855479596343,0.0064995357474466105,10
58,68,95,160,479,479,499.2163859490191,586.8132752230981,1.1754687781482889,True,618.227488785471,1.0535335768442349,0.028942115768463075,True,643.6000717875014,1.0967714926742476,0.002830188679245283,True,643.6000717875014,1.0967714926742476,0.002830188679245283,10
59,72,31,223,479,416,487.80426402400377,584.9310242291891,1.1991101090506375,True,611.07315985292,1.0446926809159771,0.002843601895734597,True,611.07315985292,1.0446926809159771,0.002843601895734597,True,612.1442276647855,1.046523781964647,0.0018957345971563982,10
60,64,95,479,479,159,499.85597925802585,584.1564209736055,1.1686494614723089,True,611.1442276647855,1.0461996234607844,0.010721247563352826,True,614.5584412271585,1.0520443140946434,0.010689990281827016,True,614.5584412271585,1.0520443140946434,0.010689990281827016,10
61,78,31,223,479,31,487.40947877529015,582.4579361637705,1.1950074045078232,True,613.8721497261434,1.0539338750696328,0.011639185257032008,True,613.8721497261434,1.0539338750696328,0.011639185257032008,True,613.8721497261434,1.0539338750696328,0.011639185257032008,10
62,77,31,159,479,351,487.40947877529015,579.7300141024125,1.1894106277110068,True,616.9015869776662,1.064118765582296,0.017408123791102514,True,625.1442276647856,1.0783368334528742,0.01826923076923077,True,625.1442276647856,1.0783368334528742,0.01826923076923077,10
63,73,161,480,351,31,487.5458952755115,569.333044482742,1.1677527182564273,True,604.1442276647856,1.061143795392503,0.0028790786948176585,True,604.1442276647856,1.061143795392503,0.0028790786948176585,True,609.5168106668159,1.0705804213781094,0.0028462998102466793,10
64,80,31,287,479,479,487.40947877529015,567.0020920410545,1.1632972207798586,True,616.8427124746207,1.0879020044778906,0.021760633036597428,True,619.4284989122476,1.0924624575589699,0.006802721088435374,True,619.4284989122476,1.0924624575589699,0.006802721088435374,10
65,10,32,479,479,95,589.2919480189764,732.9381669041264,1.2437607019204076,True,746.6538956566644,1.0187133504187293,0.024154589371980676,True,792.695526217007,1.0815312423492571,0.010015408320493066,False,inf,inf,nan,5
66,19,159,31,479,479,550.5488170907281,696.5828278447987,1.2652517019757845,True,725.8549057834407,1.0420223938468434,0.0024429967426710096,True,725.8549057834407,1.0420223938468434,0.0024429967426710096,False,inf,inf,nan,5
67,16,31,415,479,95,550.5488170907281,687.7960312803953,1.2492916339643128,True,779.7960312803953,1.1337605857200623,0.011235955056179775,True,779.7960312803953,1.1337605857200623,0.011235955056179775,False,inf,inf,nan,5
68,41,159,31,415,479,515.9844958911071,654.7005768508895,1.268837691954715,True,701.5533905932759,1.071563727601629,0.015544041450777202,True,713.9381669041263,1.0904804305170612,0.001693480101608806,False,inf,inf,nan,5
69,71,159,31,351,480,488.3287826864192,641.6000717875014,1.313869045887278,True,657.09754647056,1.0241544154443165,0.017210144927536232,True,670.1686142824256,1.0445270250910852,0.0017667844522968198,False,inf,inf,nan,5
70,48,159,31,479,416,500.62460986251966,634.0264786586945,1.26647085694171,True,672.3696244092021,1.0604756221406144,0.002680965147453083,True,672.3696244092021,1.0604756221406144,0.002680965147453083,False,inf,inf,nan,5
71,62,95,415,479,95,499.85597925802585,631.7127701597097,1.263789564140873,True,648.1564209736057,1.0260302650043605,0.015625,True,648.1564209736057,1.0260302650043605,0.015625,False,inf,inf,nan,5
72,38,31,351,479,95,515.9844958911071,631.6711395993669,1.224205658560474,True,715.0264786586945,1.1319600245029322,0.011226252158894647,True,715.0264786586945,1.1319600245029322,0.011226252158894647,False,inf,inf,nan,5
73,79,31,287,479,95,487.40947877529015,593.5290039756359,1.2177215048566379,True,642.8427124746205,1.083085591721157,0.016052880075542966,True,642.8427124746205,1.083085591721157,0.016052880075542966,False,inf,inf,nan,5
74,5,31,95,479,479,590.0508452667448,707.2102448427686,1.198558142092076,True,728.3401871576796,1.029877879271402,0.029166666666666667,False,inf,inf,nan,False,inf,inf,nan,2
75,12,31,95,479,416,551.1306560154316,675.0559159102174,1.2248564084435833,True,702.3696244092023,1.0404614015746476,0.01697792869269949,False,inf,inf,nan,False,inf,inf,nan,2
76,25,31,95,415,479,543.0580079512685,651.5117600329334,1.199709332140807,True,669.3696244092023,1.0274098880047327,0.03184713375796178,False,inf,inf,nan,False,inf,inf,nan,2
77,35,31,95,479,351,515.9844958911071,627.7716446627553,1.216648270755871,True,672.9432175380091,1.0719554208274578,0.016918967052537846,False,inf,inf,nan,False,inf,inf,nan,2
78,47,31,95,351,480,500.62460986251966,603.4995667241133,1.205493207554948,True,622.126983722083,1.0308656675581096,0.01937984496124031,False,inf,inf,nan,False,inf,inf,nan,2
79,52,31,95,415,415,499.85597925802585,600.2985565973368,1.2009430346084995,True,673.5117600329334,1.1219613184655814,0.017757009345794394,False,inf,inf,nan,False,inf,inf,nan,2
80,76,31,95,479,287,487.40947877529015,591.2031021678312,1.2129495381446878,True,637.0020920410545,1.0774674383562723,0.017641597028783658,False,inf,inf,nan,False,inf,inf,nan,2
