x_cell,y_cell
3.600000000000000000e+02,1.360000000000000000e+02
4.150755819999999972e+02,1.663865279999999984e+02
4.152757764105790557e+02,1.664993216349585907e+02
4.154729916423161171e+02,1.666151546777653039e+02
4.156672276952112384e+02,1.667340271284201947e+02
4.158584845692644194e+02,1.668559389869232064e+02
4.160467622644757171e+02,1.669808902532744526e+02
4.162320607808450745e+02,1.671088809274738196e+02
4.164143801183723781e+02,1.672399110095213359e+02
4.165937202770578551e+02,1.673739804994170584e+02
4.167700812569013920e+02,1.675110893971609300e+02
4.169434630579028180e+02,1.676512377027529226e+02
4.171138656800624176e+02,1.677944254161931212e+02
4.172812891233801338e+02,1.679406525374814692e+02
4.174457333878557961e+02,1.680899190666179663e+02
4.176071984734895750e+02,1.682422250036026412e+02
4.177656843802814137e+02,1.683975703484354653e+02
4.179211911082312554e+02,1.685559551011164672e+02
4.180737186573392137e+02,1.687173792616456183e+02
4.182232670276051749e+02,1.688818428300229471e+02
4.183698362190292528e+02,1.690493458062484251e+02
4.185134262316114473e+02,1.692198881903220808e+02
4.186540370653516447e+02,1.693934699822439143e+02
4.187916687202497883e+02,1.695700911820138401e+02
4.189263211963061053e+02,1.697497517896320005e+02
4.190579944935204253e+02,1.699324518050982533e+02
4.191866886118928051e+02,1.701181912284127122e+02
4.193124035514233015e+02,1.703069700595753488e+02
4.194351393121118008e+02,1.704987882985861347e+02
4.195548958939583599e+02,1.706936459454450699e+02
4.196716732969629788e+02,1.708915430001521543e+02
4.438999999999999773e+02,2.128000000000000114e+02
4.446529903132326922e+02,2.141276700321952262e+02
4.453809267701720955e+02,2.154624042667118431e+02
4.460838093708183578e+02,2.168042027035499189e+02
4.467616381151711948e+02,2.181530653427093398e+02
4.474144130032310045e+02,2.195089921841903049e+02
4.480421340349975594e+02,2.208719832279926720e+02
4.486448012104707459e+02,2.222420384741164128e+02
4.492224145296507345e+02,2.236191579225616692e+02
4.497749739925375252e+02,2.250033415733283277e+02
4.503024795991310611e+02,2.263945894264163883e+02
4.508049313494312855e+02,2.277929014818258793e+02
4.512823292434383688e+02,2.291982777395568860e+02
4.517346732811521406e+02,2.306107181996092095e+02
4.521619634625726576e+02,2.320302228619830203e+02
4.525641997877000335e+02,2.334567917266782331e+02
4.529413822565340979e+02,2.348904247936948764e+02
4.532935108690749075e+02,2.363311220630329785e+02
4.536205856253225193e+02,2.377788835346925111e+02
4.539226065252768194e+02,2.392337092086734742e+02
4.541995735689379217e+02,2.406955990849758678e+02
4.544514867563058260e+02,2.421645531635996917e+02
4.546783460873804188e+02,2.436405714445448893e+02
4.548801515621618137e+02,2.451236539278116027e+02
4.550569031806498970e+02,2.466138006133996896e+02
4.552086009428448392e+02,2.481110115013092354e+02
4.553352448487464699e+02,2.496152865915402117e+02
4.554368348983549026e+02,2.511266258840926184e+02
4.555133710916700807e+02,2.526450293789664556e+02
4.555648534286920039e+02,2.541704970761617233e+02
4.578000000000000114e+02,3.418999999999999773e+02
4.579207926969533560e+02,3.451320379536902010e+02
4.581176535464335871e+02,3.483316000906228282e+02
4.583905825484411025e+02,3.514986864107980296e+02
4.587395797029756181e+02,3.546332969142155207e+02
4.591646450100374182e+02,3.577354316008756427e+02
4.596657784696263889e+02,3.608050904707781115e+02
4.602429800817423029e+02,3.638422735239230406e+02
4.608962498463855582e+02,3.668469807603105437e+02
4.616255877635559273e+02,3.698192121799404504e+02
4.624309938332532965e+02,3.727589677828127606e+02
4.633124680554777797e+02,3.756662475689275880e+02
4.642700104302295472e+02,3.785410515382849326e+02
4.653036209575083149e+02,3.813833796908846807e+02
4.664132996373142532e+02,3.841932320267268324e+02
4.675990464696474191e+02,3.869706085458115581e+02
4.688608614545076421e+02,3.897155092481386873e+02
4.701987445918949788e+02,3.924279341337082769e+02
4.716126958818094863e+02,3.951078832025203837e+02
4.731027153242511076e+02,3.977553564545748941e+02
4.746688029192198996e+02,4.003703538898719216e+02
4.763109586667158055e+02,4.029528755084113527e+02
4.780291825667387684e+02,4.055029213101932442e+02
4.798234746192890725e+02,4.080204912952176528e+02
4.816938348243662631e+02,4.105055854634844650e+02
4.836402631819707381e+02,4.129582038149937944e+02
4.856627596921023269e+02,4.153783463497455841e+02
4.877613243547610864e+02,4.177660130677397774e+02
4.899359571699468461e+02,4.201212039689764879e+02
4.921866581376598333e+02,4.224439190534556587e+02
5.871958857709796575e+02,5.181896523273438788e+02
5.872508089931769746e+02,5.182458646011816654e+02
5.873046663523176676e+02,5.183027293299147686e+02
5.873574578484018502e+02,5.183602465135433022e+02
5.874091834814292952e+02,5.184184161520670386e+02
5.874598432514004571e+02,5.184772382454864328e+02
5.875094371583149950e+02,5.185367127938010299e+02
5.875579652021727952e+02,5.185968397970109436e+02
5.876054273829743124e+02,5.186576192551164013e+02
5.876518237007192056e+02,5.187190511681171756e+02
5.876971541554074747e+02,5.187811355360131529e+02
5.877414187470391198e+02,5.188438723588046741e+02
5.877846174756144819e+02,5.189072616364916257e+02
5.878267503411329926e+02,5.189713033690737802e+02
5.878678173435951066e+02,5.190359975565513651e+02
5.879078184830005966e+02,5.191013441989243802e+02
5.879467537593495763e+02,5.191673432961927119e+02
5.879846231726420456e+02,5.192339948483563603e+02
5.880214267228778908e+02,5.193012988554154390e+02
5.880571644100572257e+02,5.193692553173699480e+02
5.880918362341799366e+02,5.194378642342197736e+02
5.881254421952462508e+02,5.195071256059650295e+02
5.881579822932558272e+02,5.195770394326054884e+02
5.881894565282090070e+02,5.196476057141414913e+02
5.882198649001054491e+02,5.197188244505728107e+02
5.882492074089454945e+02,5.197906956418994469e+02
5.882774840547290296e+02,5.198632192881216270e+02
5.883046948374558269e+02,5.199363953892390100e+02
5.883308397571262276e+02,5.200102239452518234e+02
5.883559188137400042e+02,5.200847049561599533e+02
6.292401768466156682e+02,6.446843484849239303e+02
6.292921785780579285e+02,6.448441489319625362e+02
6.293433805788142763e+02,6.450041500641017365e+02
6.293937828488849391e+02,6.451643518813420997e+02
6.294433853882695757e+02,6.453247543836829436e+02
6.294921881969685273e+02,6.454853575711250642e+02
6.295401912749817939e+02,6.456461614436681202e+02
6.295873946223090343e+02,6.458071660013116571e+02
6.296337982389507033e+02,6.459683712440564705e+02
6.296794021249063462e+02,6.461297771719021057e+02
6.297242062801763041e+02,6.462913837848484491e+02
6.297682107047603495e+02,6.464531910828957280e+02
6.298114153986587098e+02,6.466151990660441697e+02
6.298538203618711577e+02,6.467774077342932060e+02
6.298954255943976932e+02,6.469398170876431777e+02
6.299362310962385436e+02,6.471024271260940850e+02
6.299762368673937090e+02,6.472652378496458141e+02
6.300154429078628482e+02,6.474282492582985924e+02
6.300538492176461887e+02,6.475914613520520788e+02
6.300914557967438441e+02,6.477548741309065008e+02
6.301282626451557007e+02,6.479184875948619720e+02
6.301642697628815313e+02,6.480823017439181513e+02
6.301994771499216768e+02,6.482463165780752661e+02
6.302338848062760235e+02,6.484105320973333164e+02
6.302674927319445715e+02,6.485749483016921886e+02
6.303003009269272070e+02,6.487395651911519963e+02
6.303323093912242712e+02,6.489043827657127395e+02
6.303635181248353092e+02,6.490694010253741908e+02
6.303939271277605485e+02,6.492346199701366913e+02
6.304235363999999890e+02,6.494000396000000137e+02
6.411356399999999667e+02,7.101019599999999627e+02
6.411984256775423319e+02,7.104380930148064408e+02
6.412675606412037723e+02,7.107709003350876173e+02
6.413430448909842880e+02,7.111003819608438334e+02
6.414248784268838790e+02,7.114265378920746343e+02
6.415130612489027726e+02,7.117493681287805884e+02
6.416075933570408552e+02,7.120688726709613547e+02
6.417084747512978993e+02,7.123850515186168195e+02
6.418157054316742460e+02,7.126979046717474375e+02
6.419292853981695544e+02,7.130074321303527540e+02
6.420492146507840516e+02,7.133136338944329964e+02
6.421754931895176242e+02,7.136165099639880509e+02
6.423081210143703856e+02,7.139160603390180313e+02
6.424470981253422224e+02,7.142122850195227102e+02
6.425924245224332481e+02,7.145051840055023149e+02
6.427441002056433490e+02,7.147947572969568455e+02
6.429021251749726389e+02,7.150810048938861883e+02
6.430664994304208903e+02,7.153639267962904569e+02
6.432372229719885581e+02,7.156435230041695377e+02
6.434142957996750738e+02,7.159197935175235443e+02
6.435977179134808921e+02,7.161927383363524768e+02
6.437874893134057857e+02,7.164623574606562215e+02
6.439836099994497545e+02,7.167286508904346647e+02
6.441860799716130259e+02,7.169916186256881474e+02
6.443948992298953726e+02,7.172512606664164423e+02
6.446100677742966809e+02,7.175075770126195494e+02
6.448315856048172918e+02,7.177605676642976960e+02
6.450594527214569780e+02,7.180102326214505410e+02
6.452936691242158531e+02,7.182565718840784257e+02
6.455342348130936898e+02,7.184995854521810088e+02
7.440000000000000000e+02,8.160000000000000000e+02
7.440000000000000000e+02,8.400000000000000000e+02
