robot,planner,seed,max_iterations,planner_success,planning_time_s,expanded_nodes,iterations_used,first_solution_iteration,tree_nodes,collision_checks,rewires,raw_path_feasible,raw_min_clearance_m,raw_clearance_margin_m,raw_max_clearance_violation_mm,raw_violation_sample_count,raw_violation_path_length_m,raw_path_length_m,final_path_length_m,final_trajectory_feasible,min_clearance_m,clearance_margin_m,max_clearance_violation_mm,violation_sample_count,violation_path_length_m,effective_radius_m,caution_distance_m,caution_ratio,open_cruise_mps,caution_speed_cap_mps,nominal_mission_time_s,safety_mission_time_s,policy_added_time_s
waffle,dijkstra,,,True,7.550806843999453,392701,,,,,,True,0.25,0.017276024494041614,0.0,0,0.0,44.47091988222397,42.13333368112578,True,0.2414969802527843,0.008773004746825908,0.0,0,0.0,0.23272397550595839,27.196814961434296,0.645494020655135,0.17600000000000002,0.17600000000000002,240.0797882729986,240.0797882729986,0.0
waffle,astar,,,True,1.1001340619986877,56735,,,,,,True,0.25,0.017276024494041614,0.0,0,0.0,44.47091988222397,42.13891128966195,True,0.2413953465344377,0.008671371028479313,0.0,0,0.0,0.23272397550595839,27.19560808969164,0.6453799411842804,0.17600000000000002,0.17600000000000002,240.15768104943126,240.15768104943126,0.0
waffle,rrt,0,50000,True,1.1436593860016728,,5961,5961,2427,5962,0,False,0.20057513436810692,-0.032148841137851464,32.14884113785146,19,1.1416295959923453,64.5770425272489,52.75903072609062,False,0.22401685554179124,-0.008707119964167148,8.707119964167148,2,0.1499999999999978,0.23272397550595839,30.798657407181686,0.5837608648854689,0.17600000000000002,0.17600000000000002,300.11435828944457,300.11435828944457,0.0
waffle,rrt_star,0,50000,True,399.62308115400083,,50000,5961,44058,404675,83955,True,0.2505997649924799,0.017875789486521493,0.0,0,0.0,41.723769991170236,41.67047909972423,True,0.25059114712809333,0.017867171622134942,0.0,0,0.0,0.23272397550595839,24.999812356349313,0.5999406029510891,0.17600000000000002,0.17600000000000002,237.16639963899536,237.16639963899536,0.0
waffle,rrt,1,50000,True,0.36410511400026735,,4045,4045,1160,4046,0,False,0.21917909779612757,-0.013544877709830816,13.544877709830816,7,0.44999999999999396,66.99172805685821,55.2052128948792,True,0.23805968669126404,0.005335711185305653,0.0,0,0.0,0.23272397550595839,37.74835307937676,0.6837824020578729,0.17600000000000002,0.17600000000000002,313.99182384069906,313.99182384069906,0.0
waffle,rrt_star,1,50000,True,399.01901230399744,,50000,4045,44179,403304,82681,True,0.2434978228359962,0.010773847330037806,0.0,0,0.0,41.73850987769893,41.67447460463053,True,0.24121655652611243,0.008492581020154044,0.0,0,0.0,0.23272397550595839,24.349764446248088,0.5842848572719028,0.17600000000000002,0.17600000000000002,237.21197299835626,237.21197299835626,0.0
waffle,rrt,2,50000,True,0.8036157979986456,,4569,4569,2008,4570,0,False,0.2027881932879495,-0.029935782218008883,29.93578221800888,30,1.8999999999999635,73.10272443028428,57.23635329729958,False,0.22142177874615418,-0.011302196759804206,11.302196759804206,3,0.19986751863661123,0.23272397550595839,38.096973763732706,0.6656079845941221,0.17600000000000002,0.17600000000000002,325.9996652224891,325.9996652224891,0.0
waffle,rrt_star,2,50000,True,409.7644393310002,,50000,4569,44795,408506,83389,True,0.24172975789066709,0.0090057823847087,0.0,0,0.0,41.662833063952654,41.6286350942722,True,0.24162699602991627,0.008903020523957889,0.0,0,0.0,0.23272397550595839,24.79952620685999,0.595732388311531,0.17600000000000002,0.17600000000000002,236.9820700372137,236.9820700372137,0.0
waffle,rrt,3,50000,True,0.8684748179985036,,4695,4695,2152,4696,0,False,0.20683791537756804,-0.025886060128390342,25.88606012839034,15,0.9499999999999944,58.82689707541016,48.74076530276457,True,0.23770937683814566,0.004985401332187278,0.0,0,0.0,0.23272397550595839,27.197366001398414,0.558000389047149,0.17600000000000002,0.17600000000000002,277.61126146243663,277.61126146243663,0.0
waffle,rrt_star,3,50000,True,410.4038370379967,,50000,4695,44729,415975,86449,True,0.24082341338166438,0.008099437875705995,0.0,0,0.0,41.710688753585025,41.64417103656952,True,0.2412899561366811,0.008565980630722725,0.0,0,0.0,0.23272397550595839,24.399846570036946,0.5859126490622277,0.17600000000000002,0.17600000000000002,237.2647464954331,237.2647464954331,0.0
waffle,rrt,4,50000,True,2.3266375200000766,,7831,7831,3727,7832,0,False,0.21987069290242686,-0.012853282603531524,12.853282603531524,7,0.5000000000000016,65.63521419770564,51.88508979369434,False,0.22459332476642593,-0.008130650739532452,8.130650739532452,5,0.34996584674204495,0.23272397550595839,41.04806774770749,0.7911341757511252,0.17600000000000002,0.17600000000000002,295.29899569541294,295.29899569541294,0.0
waffle,rrt_star,4,50000,True,388.09754533900195,,50000,7831,43578,408933,91209,True,0.24159772885105865,0.008873753345100266,0.0,0,0.0,41.73190227122468,41.64390470045752,True,0.23624844458305638,0.003524469077097997,0.0,0,0.0,0.23272397550595839,24.94965713483276,0.5991190623044205,0.17600000000000002,0.17600000000000002,237.14960629850867,237.14960629850867,0.0
waffle,rrt,5,50000,True,0.44102337200092734,,3830,3830,1280,3831,0,False,0.20224290693173547,-0.03048106857422292,30.48106857422292,16,0.9000000000000086,60.93366015437148,51.56835585913762,True,0.23846489323580045,0.00574091772984206,0.0,0,0.0,0.23272397550595839,36.84746541815089,0.7145363625476481,0.17600000000000002,0.17600000000000002,293.40655669347956,293.40655669347956,0.0
waffle,rrt_star,5,50000,True,417.67970264199903,,50000,3830,45015,428434,93278,False,0.22677481620739198,-0.005949159298566403,5.9491592985664035,2,0.1499999999999999,41.71856669803745,41.66358211465638,False,0.22669885627947828,-0.006025119226480108,6.025119226480108,3,0.1999993356555821,0.23272397550595839,24.599717640095243,0.5904369329645704,0.17600000000000002,0.17600000000000002,237.17408690985994,237.17408690985994,0.0
waffle,rrt,6,50000,True,0.36806278800213477,,3809,3809,1137,3810,0,False,0.20824500170109703,-0.02447897380486136,24.478973804861358,9,0.5992207512457192,65.03906813263256,54.75718750124709,True,0.2418170797592154,0.009093104253257017,0.0,0,0.0,0.23272397550595839,27.847454749620162,0.5085625471356786,0.17600000000000002,0.17600000000000002,311.4663441702524,311.4663441702524,0.0
waffle,rrt_star,6,50000,True,406.86282182300056,,50000,3809,44630,404019,84858,True,0.24412574658884484,0.011401771082886453,0.0,0,0.0,41.75566092702511,41.700133263591454,True,0.23572406845568025,0.0030000929497218665,0.0,0,0.0,0.23272397550595839,24.399876737010782,0.5851270686061429,0.17600000000000002,0.17600000000000002,237.39533084227398,237.39533084227398,0.0
waffle,rrt,7,50000,True,5.713835818001826,,13239,13239,6342,13240,0,False,0.219116901456475,-0.013607074049483386,13.607074049483387,19,1.0466421713028735,66.58253938377739,53.44313638378592,True,0.24603499532034642,0.013311019814388036,0.0,0,0.0,0.23272397550595839,29.548553135916414,0.5528970628468043,0.17600000000000002,0.17600000000000002,304.1934728882095,304.1934728882095,0.0
waffle,rrt_star,7,50000,True,349.00460906399894,,50000,13239,41426,382309,87076,True,0.23667689229175504,0.003952916785796651,0.0,0,0.0,41.71171995035681,41.66204714872674,True,0.23682102735768396,0.004097051851725569,0.0,0,0.0,0.23272397550595839,24.499690027384254,0.5880577576978956,0.17600000000000002,0.17600000000000002,237.071174374733,237.071174374733,0.0
waffle,rrt,8,50000,True,1.1307905349967768,,5841,5841,2557,5842,0,True,0.24117594001497192,0.008451964509013532,0.0,0,0.0,73.89657839415736,55.115757447598796,True,0.24773099348420388,0.015007017978245496,0.0,0,0.0,0.23272397550595839,24.79899506649356,0.4499438312187065,0.17600000000000002,0.17600000000000002,313.54379414392133,313.54379414392133,0.0
waffle,rrt_star,8,50000,True,402.4336003669996,,50000,5841,44544,423196,93058,True,0.235018920924,0.0022949454180416218,0.0,0,0.0,41.694396104027135,41.65207370182161,True,0.23622765092729403,0.0035036754213356447,0.0,0,0.0,0.23272397550595839,24.749720826245603,0.5942014076759689,0.17600000000000002,0.17600000000000002,237.13199076975783,237.13199076975783,0.0
waffle,rrt,9,50000,True,1.1537534060007602,,5557,5557,2531,5558,0,False,0.20613162754447673,-0.02659234796148166,26.59234796148166,8,0.5999999999999744,52.15710871587257,45.42104950773256,True,0.24257583169493518,0.009851856188976799,0.0,0,0.0,0.23272397550595839,31.348793899798427,0.6901820684363876,0.17600000000000002,0.17600000000000002,258.4853783667749,258.4853783667749,0.0
waffle,rrt_star,9,50000,True,401.5305368610025,,50000,5557,44645,413061,83141,True,0.2441288680897793,0.011404892583820908,0.0,0,0.0,41.678469148627215,41.62956498286165,True,0.23708909728065825,0.004365121774699859,0.0,0,0.0,0.23272397550595839,24.54762541010678,0.5896680741250291,0.17600000000000002,0.17600000000000002,237.0461105069878,237.0461105069878,0.0
ridgeback,dijkstra,,,True,3.6304431470016425,196771,,,,,,True,0.65,0.0024148652593767306,0.0,0,0.0,83.66158364337878,79.41470014152138,False,0.6333708805260668,-0.014214254214556465,14.214254214556465,30,1.649994979600743,0.6475851347406233,50.24791438516342,0.6327281258459563,0.8800000000000001,0.3,93.14580988460938,203.59104151338036,110.44523162877098
ridgeback,astar,,,True,2.9806565239996416,153852,,,,,,True,0.6499999999999971,0.002414865259373844,0.0,0,0.0,83.66158364337878,79.81422490768203,False,0.6393654323175708,-0.008219702423052477,8.219702423052478,19,1.049995102613325,0.6475851347406233,50.79705681646041,0.6364411466153479,0.8800000000000001,0.3,94.3150578869001,205.32514832324202,111.01009043634191
ridgeback,rrt,0,50000,False,98.69204211900069,,50000,,25504,50000,0,False,nan,nan,nan,nan,nan,nan,nan,False,nan,nan,nan,nan,nan,nan,nan,nan,nan,nan,nan,nan,nan
ridgeback,rrt_star,0,50000,False,171.8996564730005,,50000,,25504,211179,44749,False,nan,nan,nan,nan,nan,nan,nan,False,nan,nan,nan,nan,nan,nan,nan,nan,nan,nan,nan,nan,nan
ridgeback,rrt,1,50000,True,26.95743006900011,,30867,30867,11961,30868,0,False,0.6169649700524389,-0.030620164688184404,30.620164688184403,20,1.1963908007502722,99.71452979039,84.91933505195527,False,0.625,-0.02258513474062329,22.585134740623293,1,0.02705294333685663,0.6475851347406233,51.14353316069369,0.6022601699530866,0.8800000000000001,0.3,100.7296141140327,211.07454602578824,110.34493191175554
ridgeback,rrt_star,1,50000,True,167.35170688799917,,50000,30867,26398,206826,45484,False,0.625,-0.02258513474062329,22.585134740623293,69,4.0029856757865305,79.5037992287333,79.2637696883628,False,0.625,-0.02258513474062329,22.585134740623293,71,4.119225521763964,0.6475851347406233,49.99504120279829,0.6307426633802703,0.8800000000000001,0.3,94.21453525982542,202.81410364623827,108.59956838641284
ridgeback,rrt,2,50000,True,31.376123214999097,,32140,32140,14117,32141,0,False,0.6149691098407346,-0.032616024899888685,32.616024899888686,59,3.7230526911659423,104.265400115576,86.68574127365072,False,0.625,-0.02258513474062329,22.585134740623293,3,0.1947744077187275,0.6475851347406233,54.84209423683387,0.6326541531635245,0.8800000000000001,0.3,103.07555078112553,221.2570958652672,118.18154508414166
ridgeback,rrt_star,2,50000,True,189.4330876080021,,50000,32140,29036,217753,45630,False,0.6131232868274337,-0.034461847913189625,34.46184791318962,67,3.8711407836682312,81.67218795208913,81.40180660202033,False,0.6131722246858147,-0.03441291005480862,34.41291005480862,67,3.859235078739541,0.6475851347406233,52.24594167283375,0.6418277904846531,0.8800000000000001,0.3,96.09488294161306,210.71216293350517,114.6172799918921
ridgeback,rrt,3,50000,True,26.348167557000124,,29176,29176,12963,29177,0,False,0.6183846987745041,-0.02920043596611921,29.20043596611921,39,2.2619871476795854,99.8339685251117,83.38661555373858,False,0.625,-0.02258513474062329,22.585134740623293,6,0.3970740159651439,0.6475851347406233,52.49210456616127,0.6295027591368387,0.8800000000000001,0.3,100.64595360088602,213.0945665495402,112.44861294865417
ridgeback,rrt_star,3,50000,True,205.56516043400188,,50000,29176,30601,228321,48592,False,0.6038691406274126,-0.0437159941132107,43.7159941132107,86,4.871234473960291,79.4723154906008,79.17785978165864,False,0.6037359577443029,-0.043849176996320405,43.8491769963204,87,4.9311617254561435,0.6475851347406233,50.09744239714473,0.6327203404498903,0.8800000000000001,0.3,93.33782653724245,203.1681832206106,109.83035668336814
ridgeback,rrt,4,50000,True,46.723707961999025,,34379,34379,18327,34380,0,False,0.6089624577546829,-0.03862267698594035,38.62267698594035,45,2.697510665101873,122.8418698251117,101.80562643713544,False,0.6184367091195108,-0.029148425621112528,29.14842562111253,11,0.5669177567290294,0.6475851347406233,74.84057973371166,0.7351320585402558,0.8800000000000001,0.3,121.36398210937797,282.7431160451401,161.37913393576213
ridgeback,rrt_star,4,50000,True,220.9873138039984,,50000,34379,31623,244164,51570,False,0.6227152192234852,-0.02486991551713813,24.869915517138132,62,3.51324073923612,79.61360996587688,79.37478700743371,False,0.6226749927170768,-0.024910142023546467,24.910142023546467,60,3.4336836315892616,0.6475851347406233,50.19307327493796,0.6323553758983594,0.8800000000000001,0.3,94.1725146126547,203.55193339395166,109.37941878129696
ridgeback,rrt,5,50000,False,92.01116203899801,,50000,,24454,50000,0,False,nan,nan,nan,nan,nan,nan,nan,False,nan,nan,nan,nan,nan,nan,nan,nan,nan,nan,nan,nan,nan
ridgeback,rrt_star,5,50000,False,160.15757109300102,,50000,,24454,200453,43553,False,nan,nan,nan,nan,nan,nan,nan,False,nan,nan,nan,nan,nan,nan,nan,nan,nan,nan,nan,nan,nan
ridgeback,rrt,6,50000,True,48.122699511000974,,46755,46755,16810,46756,0,False,0.6067136400420623,-0.040871494698560995,40.871494698560994,56,3.323898162145347,105.79016239577534,88.10474346814094,False,0.6191728529081278,-0.028412281832495445,28.412281832495445,38,2.0610904834857835,0.6475851347406233,56.89333610148116,0.6457465723403876,0.8800000000000001,0.3,104.63904818357558,227.58776743518007,122.94871925160449
ridgeback,rrt_star,6,50000,True,101.86429562400008,,50000,46755,19389,157228,30621,False,0.6243628765778821,-0.02322225816274115,23.22225816274115,36,2.1497129442870704,79.79989076344528,79.40934789333095,False,0.6242443106283729,-0.023340824112250358,23.34082411225036,41,2.4127154484808746,0.6475851347406233,50.69793595922214,0.6384378829973986,0.8800000000000001,0.3,93.4154761664088,204.9258072453698,111.51033107896102
ridgeback,rrt,7,50000,True,18.552207662,,22735,22735,10246,22736,0,False,0.6128916289957091,-0.034693505744914144,34.69350574491414,46,2.8290314519170123,111.39053932749931,88.67182669759947,False,0.625,-0.02258513474062329,22.585134740623293,8,0.4877291947301489,0.6475851347406233,56.384705525023314,0.6358807258737771,0.8800000000000001,0.3,105.19282739440573,226.77965823155242,121.58683083714669
ridgeback,rrt_star,7,50000,True,209.38875745500263,,50000,22735,29414,234028,51821,False,0.6096273832241679,-0.03795775151645542,37.95775151645542,91,5.058705556506448,79.41144877313154,79.18633671355636,False,0.6096848777715943,-0.03790025696902899,37.90025696902899,87,4.8941978990835215,0.6475851347406233,50.49525944287292,0.6376764166466151,0.8800000000000001,0.3,94.51083075751845,204.59349354954236,110.08266279202391
ridgeback,rrt,8,50000,True,75.99735617899933,,45614,45614,21982,45615,0,False,0.6057510936899804,-0.04183404105064292,41.834041050642924,83,4.8881845127872054,107.31235088242168,86.6369648311031,False,0.625,-0.02258513474062329,22.585134740623293,4,0.2441192877678635,0.6475851347406233,55.29389620136803,0.6382252230230167,0.8800000000000001,0.3,102.44159105037124,222.097519026342,119.65592797597077
ridgeback,rrt_star,8,50000,True,167.69755840400103,,50000,45614,25619,209722,46171,False,0.625,-0.02258513474062329,22.585134740623293,41,2.477984965624966,79.72798496562496,79.40360268469966,False,0.625,-0.02258513474062329,22.585134740623293,37,2.208458900852812,0.6475851347406233,49.49696178925181,0.6233591438640027,0.8800000000000001,0.3,93.72199656186993,202.09211164257036,108.37011508070043
ridgeback,rrt,9,50000,False,68.05762413299817,,50000,,20253,50000,0,False,nan,nan,nan,nan,nan,nan,nan,False,nan,nan,nan,nan,nan,nan,nan,nan,nan,nan,nan,nan,nan
ridgeback,rrt_star,9,50000,False,116.40019725499951,,50000,,20253,171612,36544,False,nan,nan,nan,nan,nan,nan,nan,False,nan,nan,nan,nan,nan,nan,nan,nan,nan,nan,nan,nan,nan
