robot,planner,seed,checkpoint_iteration,solution_available,best_raw_goal_cost_cells,best_raw_goal_cost_m
waffle,rrt_star,0,5000,False,nan,nan
waffle,rrt_star,0,10000,True,925.3127440920513,46.26563720460257
waffle,rrt_star,0,20000,True,839.1871051776687,41.95935525888344
waffle,rrt_star,0,50000,True,834.4753998234049,41.72376999117025
waffle,rrt_star,1,5000,True,1026.1907708881954,51.309538544409776
waffle,rrt_star,1,10000,True,898.7870824633453,44.93935412316727
waffle,rrt_star,1,20000,True,839.037994443904,41.95189972219521
waffle,rrt_star,1,50000,True,834.7701975539785,41.73850987769893
waffle,rrt_star,2,5000,True,1083.8441567925374,54.192207839626874
waffle,rrt_star,2,10000,True,884.908483592213,44.24542417961065
waffle,rrt_star,2,20000,True,839.1805183189615,41.959025915948075
waffle,rrt_star,2,50000,True,833.256661279053,41.662833063952654
waffle,rrt_star,3,5000,True,925.5862137874979,46.279310689374896
waffle,rrt_star,3,10000,True,878.9288173352572,43.94644086676286
waffle,rrt_star,3,20000,True,845.2575685415238,42.262878427076195
waffle,rrt_star,3,50000,True,834.2137750717004,41.710688753585025
waffle,rrt_star,4,5000,False,nan,nan
waffle,rrt_star,4,10000,True,958.9182283521528,47.94591141760765
waffle,rrt_star,4,20000,True,867.4068087815135,43.370340439075676
waffle,rrt_star,4,50000,True,834.6380454244936,41.73190227122468
waffle,rrt_star,5,5000,True,920.1920434623677,46.00960217311839
waffle,rrt_star,5,10000,True,881.6154492940065,44.080772464700324
waffle,rrt_star,5,20000,True,870.8267114812827,43.541335574064135
waffle,rrt_star,5,50000,True,834.371333960749,41.71856669803745
waffle,rrt_star,6,5000,True,1015.4211972700535,50.77105986350268
waffle,rrt_star,6,10000,True,854.4757996784124,42.723789983920625
waffle,rrt_star,6,20000,True,839.2425503043179,41.9621275152159
waffle,rrt_star,6,50000,True,835.1132185405022,41.75566092702511
waffle,rrt_star,7,5000,False,nan,nan
waffle,rrt_star,7,10000,False,nan,nan
waffle,rrt_star,7,20000,True,880.1787834279968,44.008939171399845
waffle,rrt_star,7,50000,True,834.2343990071362,41.71171995035681
waffle,rrt_star,8,5000,False,nan,nan
waffle,rrt_star,8,10000,True,1011.1399836113075,50.55699918056538
waffle,rrt_star,8,20000,True,839.3777995929963,41.968889979649816
waffle,rrt_star,8,50000,True,833.8879220805427,41.694396104027135
waffle,rrt_star,9,5000,False,nan,nan
waffle,rrt_star,9,10000,True,885.0322641093765,44.25161320546883
waffle,rrt_star,9,20000,True,836.1119128225963,41.80559564112982
waffle,rrt_star,9,50000,True,833.5693829725442,41.678469148627215
ridgeback,rrt_star,0,5000,False,nan,nan
ridgeback,rrt_star,0,10000,False,nan,nan
ridgeback,rrt_star,0,20000,False,nan,nan
ridgeback,rrt_star,0,50000,False,nan,nan
ridgeback,rrt_star,1,5000,False,nan,nan
ridgeback,rrt_star,1,10000,False,nan,nan
ridgeback,rrt_star,1,20000,False,nan,nan
ridgeback,rrt_star,1,50000,True,1590.0759845746657,79.50379922873329
ridgeback,rrt_star,2,5000,False,nan,nan
ridgeback,rrt_star,2,10000,False,nan,nan
ridgeback,rrt_star,2,20000,False,nan,nan
ridgeback,rrt_star,2,50000,True,1633.4437590417829,81.67218795208915
ridgeback,rrt_star,3,5000,False,nan,nan
ridgeback,rrt_star,3,10000,False,nan,nan
ridgeback,rrt_star,3,20000,False,nan,nan
ridgeback,rrt_star,3,50000,True,1589.4463098120161,79.4723154906008
ridgeback,rrt_star,4,5000,False,nan,nan
ridgeback,rrt_star,4,10000,False,nan,nan
ridgeback,rrt_star,4,20000,False,nan,nan
ridgeback,rrt_star,4,50000,True,1592.2721993175376,79.61360996587689
ridgeback,rrt_star,5,5000,False,nan,nan
ridgeback,rrt_star,5,10000,False,nan,nan
ridgeback,rrt_star,5,20000,False,nan,nan
ridgeback,rrt_star,5,50000,False,nan,nan
ridgeback,rrt_star,6,5000,False,nan,nan
ridgeback,rrt_star,6,10000,False,nan,nan
ridgeback,rrt_star,6,20000,False,nan,nan
ridgeback,rrt_star,6,50000,True,1595.9978152689055,79.79989076344528
ridgeback,rrt_star,7,5000,False,nan,nan
ridgeback,rrt_star,7,10000,False,nan,nan
ridgeback,rrt_star,7,20000,False,nan,nan
ridgeback,rrt_star,7,50000,True,1588.228975462631,79.41144877313155
ridgeback,rrt_star,8,5000,False,nan,nan
ridgeback,rrt_star,8,10000,False,nan,nan
ridgeback,rrt_star,8,20000,False,nan,nan
ridgeback,rrt_star,8,50000,True,1594.559699312499,79.72798496562496
ridgeback,rrt_star,9,5000,False,nan,nan
ridgeback,rrt_star,9,10000,False,nan,nan
ridgeback,rrt_star,9,20000,False,nan,nan
ridgeback,rrt_star,9,50000,False,nan,nan
